City_ID,City,Lat,Lng,Max Temp,Humidity,Cloudiness,Wind Speed,Country,Date
0,Susuman,62.78075,148.15396,7.670000000000016,74,99,1.22,RU,1719658291
1,Puerto Natales,-51.72987,-72.50603,-3.329999999999984,93,100,1.43,CL,1719658293
2,Sinabang,2.4803,96.3801,25.83000000000004,84,100,1.53,ID,1719658294
3,Anadyr,64.73424,177.5103,6.080000000000041,93,20,7.0,RU,1719658295
4,Puerto Ayora,-0.74018,-90.3138,21.170000000000016,100,75,3.04,EC,1719658296
5,Port-aux-Français,-49.34916,70.21937,0.35000000000002274,75,98,18.07,TF,1719658297
6,Yellowknife,62.45411,-114.37248,14.120000000000005,58,20,5.14,CA,1719658299
7,Wailua Homesteads,22.07244,-159.37677,23.260000000000048,90,75,5.66,US,1719658300
8,Grytviken,-54.28111,-36.5092,-0.8299999999999841,93,86,2.39,GS,1719658301
9,Colonia,9.51638,138.12167,28.090000000000032,89,75,0.0,FM,1719658302
10,Bethel,60.79222,-161.75583,11.020000000000039,87,100,2.57,US,1719658303
11,Margaret River,-33.95504,115.07599,13.29000000000002,70,98,1.81,AU,1719658305
12,Bredasdorp,-34.53215,20.04031,24.80000000000001,36,54,4.54,ZA,1719658306
13,Albany,-35.02692,117.88369,11.210000000000036,86,96,4.54,AU,1719658307
14,Isafjordur,66.07475,-23.13498,7.050000000000011,81,75,1.03,IS,1719658308
15,Jordan,10.65836,122.5963,28.260000000000048,76,94,4.5,PH,1719658309
16,Whitehorse,60.71611,-135.05375,13.430000000000007,66,40,2.57,CA,1719658311
17,Dumka,24.26778,87.24855,37.879999999999995,40,88,2.57,IN,1719658312
18,Pitcairn Islands,-25.06597,-130.10147,18.610000000000014,61,100,11.76,PN,1719658313
19,Jamestown,-15.93872,-5.71675,17.910000000000025,74,97,7.38,SH,1719658314
20,Minas de Marcona,-15.21194,-75.11028,11.29000000000002,86,72,0.85,PE,1719658315
21,Pisco,-13.71029,-76.20538,15.960000000000036,88,100,1.54,PE,1719658316
22,Ocean City,38.3365,-75.08491,22.220000000000027,97,79,4.93,US,1719658318
23,Hawaiian Paradise Park,19.59333,-154.97306,21.77000000000004,95,40,2.57,US,1719658319
24,Kingston Beach,-43.00311,147.31694,8.890000000000043,72,100,2.24,AU,1719658320
25,West Island,-12.15681,96.82251,26.99000000000001,83,75,6.69,CC,1719658321
26,Port Alfred,-33.58601,26.88329,26.77000000000004,41,67,2.24,ZA,1719658322
27,Tiksi,71.69002,128.86467,16.30000000000001,38,7,4.62,RU,1719658324
28,Skellefteå,64.75067,20.95279,26.660000000000025,53,75,7.2,SE,1719658325
29,Olonkinbyen,70.9221,-8.7187,1.8400000000000318,95,100,3.63,SJ,1719658326
30,Uturoa,-16.72891,-151.44482,26.350000000000023,76,5,11.57,PF,1719658327
31,Gizo Government Station,-8.10303,156.84186,27.58000000000004,83,100,6.77,SB,1719658328
32,Kota Banda Aceh,5.54167,95.33333,28.760000000000048,73,100,7.5,ID,1719658330
33,Waitangi,-43.95353,-176.55973,9.439999999999998,92,21,3.87,NZ,1719658331
34,Invercargill,-46.4,168.35,4.4500000000000455,93,93,0.89,NZ,1719658098
35,Paracuru,-3.41,-39.03056,26.730000000000018,80,70,4.96,BR,1719658333
36,Palangkaraya,-2.20833,113.91667,26.010000000000048,75,61,1.79,ID,1719658334
37,Guerrero Negro,27.96891,-114.04427,18.100000000000023,89,3,3.31,MX,1719658335
38,Bawshar,23.58413,58.40778,35.94,59,75,6.69,OM,1719658337
39,Iqaluit,63.74697,-68.51727,3.9700000000000273,86,100,2.06,CA,1719658338
40,Dubti,11.79342,41.00578,40.129999999999995,20,99,3.82,ET,1719658340
41,Acapulco de Juárez,16.84942,-99.90891,25.180000000000007,85,100,2.25,MX,1719658341
42,Hoemul-li,41.43389,129.67,19.560000000000002,91,74,1.83,KP,1719658343
43,Udachny,66.42989,112.4021,26.02000000000004,34,68,9.02,RU,1719658344
44,Flying Fish Cove,-10.42172,105.67912,25.82000000000005,88,75,4.12,CX,1719658345
45,Kujalleq,60.71839,-46.03561,1.7800000000000296,98,100,1.91,GL,1719658346
46,Atafu Village,-8.54212,-172.51591,28.960000000000036,75,25,7.91,TK,1719658347
47,Touros,-5.19889,-35.46083,24.950000000000045,79,79,5.57,BR,1719658348
48,Yemva,62.58999,50.85939,23.5,26,12,2.31,RU,1719658351
49,Luabo,-18.58111,36.45861,23.28000000000003,68,67,3.85,MZ,1719658352
50,West Bay,19.36667,-81.41667,27.260000000000048,92,89,7.29,KY,1719658353
51,Owaka,-46.56069,169.47068,6.430000000000007,85,98,2.6,NZ,1719658354
52,Dudinka,69.40583,86.17778,7.900000000000034,61,100,6.2,RU,1719658356
53,Pacific Grove,36.61774,-121.91662,13.660000000000025,91,100,2.06,US,1719658357
54,Lihue,21.98121,-159.3721,23.58000000000004,87,75,5.66,US,1719658358
55,Mount Isa,-20.72523,139.49727,18.860000000000014,68,1,0.0,AU,1719658359
56,Tsiombe,-25.3,45.48333,24.27000000000004,34,0,3.37,MG,1719658360
57,Tralee,52.27042,-9.70264,17.140000000000043,94,100,2.06,IE,1719658362
58,Paita,-5.08917,-81.11444,17.82000000000005,84,4,4.68,PE,1719658363
59,Hasaki,35.73333,140.83333,22.360000000000014,90,0,2.4,JP,1719658364
60,Berber,18.02158,33.98299,41.950000000000045,6,100,5.05,SD,1719658365
61,Senkuria,12.15,-68.26667,27.010000000000048,83,75,3.6,BQ,1719658366
62,Severo-Yeniseyskiy,60.37552,93.03017,28.360000000000014,39,57,1.57,RU,1719658368
63,Saint-Philippe,-21.36086,55.7679,23.879999999999995,61,27,4.55,RE,1719658369
64,Natal,-5.795,-35.20944,23.180000000000007,88,0,4.12,BR,1719658370
65,Kpandae,8.46885,-0.01127,29.650000000000034,62,100,3.13,GH,1719658371
66,Kushmurun,52.45107,64.61977,20.350000000000023,54,87,8.79,KZ,1719658372
67,Georgetown,-7.92861,-14.41194,24.79000000000002,72,100,7.05,SH,1719658373
68,Churapcha,62.36119,133.56044,14.990000000000009,75,91,2.63,RU,1719658375
69,Tohautu,-17.74395,-149.32444,25.939999999999998,84,53,12.58,PF,1719658376
70,Barrio Almirante Brown,-54.81084,-68.31591,-2.0499999999999545,86,75,1.03,AR,1719658377
71,Queenstown,-45.03023,168.66271,0.4900000000000091,97,77,1.1,NZ,1719658378
72,Asunción Nochixtlán,17.45916,-97.22605,14.350000000000023,92,92,1.71,MX,1719658379
73,Hithadhoo,-0.6,73.08333,28.49000000000001,64,20,1.92,MV,1719658381
74,Bubaque,11.28333,-15.83333,27.110000000000014,80,35,2.5,GW,1719658382
75,Saint Paul Harbor,57.78852,-152.40533,8.730000000000018,100,100,0.0,US,1719658383
76,Poronaysk,49.22188,143.09694,18.480000000000018,73,68,4.83,RU,1719658384
77,Saint Philip,13.10487,-59.44861,28.29000000000002,83,75,9.26,BB,1719658385
78,Mergen,49.17414,125.21774,21.850000000000023,63,99,0.63,CN,1719658387
79,Bengkulu,-3.80044,102.26554,27.590000000000032,80,18,3.48,ID,1719658388
80,Labrador City,52.94626,-66.91137,12.010000000000048,71,100,8.23,CA,1719658389
81,Constantia,-34.03139,18.41833,21.189999999999998,56,20,8.75,ZA,1719658390
82,Enewetak,11.34735,162.33733,28.590000000000032,77,98,6.72,MH,1719658391
83,Es Castell,39.8776,4.2899,25.480000000000018,73,40,7.72,ES,1719658392
84,St John's,17.63333,-61.83333,28.230000000000018,78,13,8.28,AG,1719658394
85,Tinh Binh Thuan,11.54798,107.80772,22.55000000000001,96,78,1.21,VN,1719658395
86,Iskateley,67.68026,53.15117,10.360000000000014,96,100,5.67,RU,1719658396
87,Edinburgh of the Seven Seas,-37.06757,-12.31155,13.870000000000005,83,99,3.73,SH,1719658397
88,Kan’onjichō,34.1276,133.64598,26.640000000000043,89,100,2.21,JP,1719658398
89,Carnarvon,-24.88258,113.65713,18.870000000000005,63,0,6.49,AU,1719658400
90,Port Lincoln,-34.72625,135.87442,12.050000000000011,57,67,7.74,AU,1719658401
91,Mihalgazi,40.02621,30.57707,30.390000000000043,29,1,6.8,TR,1719658402
92,Badger,64.8,-147.53333,16.010000000000048,78,0,1.54,US,1719658403
93,Mana,5.66906,-53.77897,25.360000000000014,91,58,2.91,GF,1719658404
94,Torghay,49.63389,63.49806,17.79000000000002,65,100,8.6,KZ,1719658405
95,Klyuchi,56.32035,160.84541,15.240000000000009,93,100,1.11,RU,1719658407
96,Egilsstadir,65.26687,-14.39485,6.9500000000000455,87,100,2.06,IS,1719658408
97,Recreo,-29.28184,-65.06096,6.090000000000032,38,0,4.16,AR,1719658409
98,East London,-33.01529,27.91162,27.58000000000004,41,0,3.6,ZA,1719658410
99,Lerwick,60.15339,-1.14427,10.939999999999998,85,99,8.98,GB,1719658411
100,Utrik,11.22778,169.84739,27.700000000000045,84,99,7.34,MH,1719658413
101,Swakopmund,-22.67842,14.52663,18.450000000000045,73,7,3.7,NA,1719658414
102,Guararapes,-21.26083,-50.64278,19.640000000000043,52,76,2.07,BR,1719658415
103,Mount Gambier,-37.8318,140.77919,9.180000000000007,64,88,3.76,AU,1719658416
104,Keflavik,64.00492,-22.56242,10.950000000000045,81,75,4.63,IS,1719658417
105,Tazacorte,28.64186,-17.93394,22.310000000000002,84,75,5.66,ES,1719658419
106,Victorica,-36.21505,-65.43586,1.7200000000000273,51,6,2.24,AR,1719658420
107,Hermanus,-34.4187,19.23446,24.350000000000023,50,23,8.57,ZA,1719658421
108,Tallulah,32.40848,-91.18678,25.03000000000003,94,75,0.0,US,1719658422
109,Radomsko,51.06713,19.44477,27.680000000000007,51,70,1.68,PL,1719658423
110,Port Mathurin,-19.68333,63.41667,22.350000000000023,72,47,9.85,MU,1719658425
111,Usinsk,65.99389,57.52806,9.810000000000002,84,100,7.38,RU,1719658426
112,Hirara,24.80379,125.30222,30.010000000000048,84,75,5.66,JP,1719658427
113,Bilibino,68.05464,166.43721,14.939999999999998,65,98,2.4,RU,1719658428
114,Alofi,-19.05451,-169.91768,24.360000000000014,100,94,2.06,NU,1719658429
115,Celendín,-6.8659,-78.14585,6.2900000000000205,87,77,1.18,PE,1719658430
116,Kulhudhuffushi,6.62207,73.06998,28.58000000000004,76,90,5.17,MV,1719658432
117,Batouri,4.43333,14.36667,31.350000000000023,49,97,0.09,CM,1719658433
118,Sokoni,-6.43333,39.55,28.900000000000034,71,63,7.36,TZ,1719658434
119,Ust-Nera,64.56968,143.237,11.850000000000023,70,100,2.07,RU,1719658435
120,Presidente Epitácio,-21.76333,-52.11556,20.410000000000025,48,97,0.93,BR,1719658436
121,Mirny,62.53528,113.96111,19.910000000000025,75,60,2.51,RU,1719658438
122,Punta Arenas,-53.15483,-70.91129,-4.889999999999986,93,0,1.54,CL,1719658439
123,Port Hedland,-20.31215,118.61059,22.010000000000048,43,2,3.6,AU,1719658440
124,Al Ghayzah,16.20787,52.17605,32.129999999999995,65,42,7.06,YE,1719658441
125,Ad Dawādimī,24.50772,44.39237,40.64000000000004,6,91,2.83,SA,1719658442
126,Longyearbyen,78.22334,15.64689,8.060000000000002,57,20,6.69,SJ,1719658443
127,Stanley,-51.69382,-57.85701,-1.5499999999999545,62,100,12.93,FK,1719658445
128,Laojunmiao,39.83333,97.73333,23.950000000000045,24,69,3.62,CN,1719658446
129,Dayr az Zawr,35.33588,40.14084,40.97000000000003,11,0,5.7,SY,1719658447
130,Tazovsky,67.4715,78.7162,8.180000000000007,61,96,4.65,RU,1719658448
131,Faya-Largeau,17.9257,19.10428,39.05000000000001,18,100,2.52,TD,1719658449
132,Rémire-Montjoly,4.91667,-52.26667,25.010000000000048,100,0,0.51,GF,1719658451
133,Cabo San Lucas,22.89088,-109.91238,25.920000000000016,67,48,5.36,MX,1719658452
134,Avarua,-21.2075,-159.77545,25.02000000000004,88,75,7.2,CK,1719658453
135,Sitka,57.05315,-135.33088,13.939999999999998,82,100,0.0,US,1719657874
136,Acajutla,13.59278,-89.8275,25.150000000000034,86,100,1.26,SV,1719658455
137,Gadzhiyevo,69.25506,33.33616,14.410000000000025,84,33,5.28,RU,1719658456
138,Fort Bragg,39.44572,-123.80529,13.990000000000009,90,0,4.05,US,1719658458
139,Mari-Turek,56.78946,49.62349,19.25,47,8,6.81,RU,1719658459
140,Nemuro,43.32361,145.575,13.830000000000041,100,61,4.1,JP,1719658460
141,Beloha,-25.3,44.96667,24.04000000000002,33,0,3.78,MG,1719658461
142,Porto Novo,17.01969,-25.06471,24.920000000000016,63,21,4.72,CV,1719658462
143,Orange Cove,36.62439,-119.31373,22.810000000000002,54,0,0.0,US,1719658464
144,Borgo,42.55488,9.42636,26.140000000000043,76,0,4.12,FR,1719658465
145,Vigan,17.58472,120.38917,31.650000000000034,80,53,1.86,PH,1719658466
146,Harstad,68.79833,16.54165,21.060000000000002,85,60,6.96,NO,1719658467
147,Kumul,42.83393,93.50601,30.82000000000005,22,75,9.88,CN,1719658468
148,Türkmenbaşy,40.02216,52.95517,32.420000000000016,23,20,5.14,TM,1719658470
149,Praia da Vitória,38.73333,-27.06667,24.210000000000036,94,75,5.15,PT,1719658471
150,Greymouth,-42.46667,171.2,7.660000000000025,90,51,1.86,NZ,1719658472
151,New Norfolk,-42.78261,147.0587,8.939999999999998,88,100,4.52,AU,1719658473
152,Kerman,30.28321,57.07879,37.920000000000016,16,40,3.09,IR,1719658474
153,College,64.85694,-147.80278,16.060000000000002,72,75,1.54,US,1719658476
154,Burnett Heads,-24.81476,152.46257,19.58000000000004,95,0,3.23,AU,1719658477
155,Egersund,58.45133,5.9997,16.879999999999995,72,23,5.82,NO,1719658478
156,Yuzhno-Kurilsk,44.02734,145.86146,13.28000000000003,99,81,2.26,RU,1719658479
157,Inhambane,-23.865,35.38333,22.05000000000001,73,75,3.13,MZ,1719658480
158,Belyy Yar,58.44472,85.0425,32.93000000000001,35,6,2.69,RU,1719658483
159,Masterton,-40.95972,175.6575,6.720000000000027,94,45,1.25,NZ,1719658484
160,Ketchikan,55.3418,-131.64757,11.879999999999995,93,0,0.0,US,1719658485
161,Khor'fakkan,25.33132,56.34199,36.0,49,100,3.84,AE,1719658486
162,Shingū,33.73333,135.98333,24.370000000000005,86,100,3.2,JP,1719658487
163,Ancud,-41.8707,-73.81622,5.760000000000048,83,100,2.29,CL,1719658489
164,Ust'-Ilimsk,58.00056,102.66194,33.110000000000014,26,85,2.18,RU,1719658490
165,Wimmelburg,51.52754,11.54835,29.450000000000045,58,86,2.69,DE,1719658491
166,Yermentau,51.62364,73.10265,25.970000000000027,31,0,7.01,KZ,1719658492
167,San Nicolás de Bari,22.78444,-81.91333,25.200000000000045,89,100,4.26,CU,1719658493
168,Nadym,65.53333,72.51667,14.0,50,99,2.98,RU,1719658495
169,Petropavlovsk-Kamchatskiy,53.04444,158.65076,16.29000000000002,72,20,2.0,RU,1719658496
170,Verkhnevilyuysk,63.44578,120.30739,21.600000000000023,60,3,1.33,RU,1719658497
171,Eyl,7.9803,49.8164,35.28000000000003,28,28,13.67,SO,1719658498
172,Funafuti,-8.52425,179.19417,29.03000000000003,89,75,7.2,TV,1719658499
173,Gurupi,-11.72917,-49.06861,24.189999999999998,39,35,2.47,BR,1719658500
174,Port Elizabeth Airport,-33.96109,25.61494,27.710000000000036,38,0,2.57,ZA,1719658502
175,Shippensburg,40.05065,-77.52026,22.120000000000005,95,100,1.85,US,1719658503
176,Iquique,-20.21326,-70.15027,14.180000000000007,72,59,1.13,CL,1719658504
177,Machico,32.7162,-16.76758,22.890000000000043,95,100,5.14,PT,1719658505
178,Kathmandu,27.70169,85.3206,28.25,65,75,3.09,NP,1719658507
179,Fale old settlement,-9.38516,-171.24675,28.860000000000014,77,11,7.77,TK,1719658508
180,‘Ohonua,-21.33333,-174.95,22.220000000000027,87,91,6.33,TO,1719658509
181,East Ballina,-28.85709,153.58736,16.460000000000036,81,23,5.97,AU,1719658510
182,Tacna,-18.01465,-70.25362,11.53000000000003,93,100,1.03,PE,1719658511
183,Neryungri,56.66637,124.63825,14.520000000000039,58,38,2.26,RU,1719658513
184,Belvedere Marittimo,39.6193,15.8622,36.0,60,4,2.02,IT,1719658514
185,Portland,-38.3462,141.60257,10.490000000000009,63,100,6.13,AU,1719658515
186,Quellón,-43.11819,-73.61661,5.5,86,100,3.08,CL,1719658516
187,Sur,22.56667,59.52889,35.81,50,100,3.0,OM,1719658517
188,Diss,52.37675,1.1091,21.670000000000016,59,90,2.62,GB,1719658518
189,Colonia Menno,-22.36667,-59.81667,14.25,71,100,7.75,PY,1719658520
190,Chahal Guatemala,15.79122,-89.60518,22.58000000000004,99,100,0.66,GT,1719658521
191,Brava Municipality,14.87139,-24.69556,22.400000000000034,79,14,8.58,CV,1719658522
192,Carutapera,-1.195,-46.02,26.980000000000018,81,87,2.86,BR,1719658523
193,Kadi,23.29908,72.33362,30.920000000000016,56,99,4.85,IN,1719658524
194,Gataivai,-13.76593,-172.32686,25.900000000000034,84,62,6.54,WS,1719658526
195,Horsens,55.86066,9.85034,19.439999999999998,63,76,5.32,DK,1719658527
196,Weno Municipal Offices,7.44648,151.84135,27.0,83,40,1.54,FM,1719658528
197,Nuku'alofa,-21.13938,-175.2018,22.189999999999998,94,75,4.12,TO,1719658529
198,Basra,30.58481,47.76114,45.97000000000003,5,0,9.26,IQ,1719658530
199,Mazagão,-0.115,-51.28944,25.0,91,11,0.94,BR,1719658532
200,South Eleuthera,24.6224,-75.67151,27.510000000000048,83,23,3.74,BS,1719658533
201,Ribeira Grande,17.1825,-25.065,24.140000000000043,72,29,4.18,CV,1719658534
202,Nyurba,63.28417,118.33194,21.950000000000045,64,21,2.14,RU,1719658535
203,Freetown,8.46346,-13.22893,25.629999999999995,78,84,2.51,SL,1719658536
204,Mizque,-17.94101,-65.34016,11.330000000000041,93,91,1.27,BO,1719658537
205,Del Rio,29.36273,-100.89676,30.08000000000004,70,0,5.14,US,1719658539
206,Inarajan Village,13.27363,144.74845,27.08000000000004,92,8,4.98,GU,1719658540
207,Geraldton,-28.77897,114.61459,15.180000000000007,82,100,3.6,AU,1719658541
208,Lugovoye,42.9101,72.72066,32.39000000000004,31,0,2.22,KZ,1719658542
209,Namdrik,5.59944,168.10282,25.860000000000014,88,100,3.51,MH,1719658543
210,Villa Gesell,-37.26394,-56.97304,3.490000000000009,96,77,10.59,AR,1719658545
211,St. John's,47.56494,-52.70931,10.230000000000018,97,100,6.17,CA,1719658546
212,Diébougou,10.96209,-3.24967,35.22000000000003,41,15,2.21,BF,1719658547
213,Ashburton,-43.89834,171.73011,5.25,91,8,2.9,NZ,1719658548
214,Shambu,9.56667,37.1,12.78000000000003,92,93,1.07,ET,1719658549
215,Selfoss,63.93311,-20.99712,15.580000000000041,45,65,2.2,IS,1719658551
216,Mugia,43.10414,-9.21791,21.74000000000001,76,84,2.96,ES,1719658552
217,Buala,-8.14497,159.59212,27.140000000000043,85,100,4.97,SB,1719658553
218,Nadi,-17.80309,177.41617,24.010000000000048,78,20,1.54,FJ,1719658554
219,Riam Road Bazaar,4.18333,114.31667,29.07000000000005,97,87,1.27,MY,1719658555
220,Coquimbo,-29.95332,-71.33947,10.810000000000002,90,100,2.57,CL,1719658556
221,Talnakh,69.4865,88.3972,7.240000000000009,70,100,6.86,RU,1719658558
222,Maracaçumé,-2.04278,-45.95917,24.920000000000016,87,69,1.24,BR,1719658559
223,Néma,16.61702,-7.25649,40.48000000000002,15,53,7.34,MR,1719658560
224,Ulaangom,49.98111,92.06667,31.07000000000005,23,18,2.5,MN,1719658561
225,Cuité,-6.48361,-36.15361,21.83000000000004,62,71,5.12,BR,1719658562
226,Tôlanaro,-25.03249,46.98329,23.950000000000045,69,40,8.23,MG,1719658564
227,Harar,9.31387,42.11815,22.180000000000007,53,96,5.55,ET,1719658565
228,Thompson,55.7435,-97.85579,2.1000000000000227,93,75,1.54,CA,1719658566
229,San Antonio de Palé,-1.4068,5.63178,24.33000000000004,80,100,3.28,GQ,1719658567
230,Broome,-17.95538,122.23922,23.970000000000027,83,43,4.63,AU,1719658568
231,Rehti,22.73781,77.43399,33.69,52,100,6.39,IN,1719658569
232,Vilyuchinsk,52.9311,158.40469,17.110000000000014,74,92,2.17,RU,1719658571
233,Iwanai,42.97444,140.50889,17.29000000000002,79,1,1.37,JP,1719658572
234,Kerikeri,-35.22676,173.94739,7.0400000000000205,92,11,1.93,NZ,1719658573
235,Kumëny,58.10887,49.91614,19.83000000000004,39,4,5.76,RU,1719658574
236,Tvøroyri,61.55557,-6.81109,7.350000000000023,92,99,7.72,FO,1719658575
237,Aldan,58.61021,125.39613,15.180000000000007,60,44,0.83,RU,1719658577
238,Kapaa,22.07521,-159.31895,23.99000000000001,90,75,5.66,US,1719658578
239,Krasnyy Kholm,58.0607,37.12032,27.480000000000018,56,0,2.45,RU,1719658579
240,Melfort,52.86673,-104.61768,6.080000000000041,87,3,2.06,CA,1719658580
241,Zhigalovo,54.81061,105.15808,29.5,44,34,1.26,RU,1719658581
242,Ciudad Constitución,24.78874,-112.10504,18.910000000000025,89,24,3.41,MX,1719658582
243,Rabaul,-4.20037,152.16297,26.920000000000016,76,100,6.02,PG,1719658584
244,Los Andes,-32.83369,-70.59827,8.910000000000025,33,86,2.43,CL,1719658585
245,Cadale,2.7603,46.3222,27.689999999999998,72,70,10.9,SO,1719658586
246,San Miguel Panixtlahuaca,16.01079,-97.43574,25.32000000000005,91,94,1.4,MX,1719658587
247,Berlin,44.46867,-71.18508,15.760000000000048,61,100,2.34,US,1719658588
248,Carbonear,47.73319,-53.21478,10.230000000000018,90,98,4.68,CA,1719658590
249,Shimanovsk,51.76694,128.11472,18.980000000000018,40,1,1.72,RU,1719658591
250,Seychelles,-4.34808,55.83269,27.980000000000018,84,100,8.89,SC,1719658592
251,Nova Viçosa,-17.89194,-39.37194,22.700000000000045,82,37,2.93,BR,1719658593
252,Igarka,67.4655,86.6027,11.580000000000041,49,86,6.52,RU,1719658594
253,Ratnapura,6.6858,80.4036,29.090000000000032,74,89,2.73,LK,1719658595
254,Lompoc,34.63915,-120.45794,12.660000000000025,89,100,0.89,US,1719658597
255,Serra San Bruno,38.57474,16.32622,22.760000000000048,28,0,0.08,IT,1719658598
256,Ilulissat,69.21981,-51.09861,4.160000000000025,93,75,7.72,GL,1719658599
257,Lebu,-37.60825,-73.65356,6.8799999999999955,70,100,3.68,CL,1719658600
258,Kavaratti,10.56688,72.64203,27.610000000000014,85,100,7.88,IN,1719658601
259,Kuta,-8.72332,115.17234,27.980000000000018,83,40,5.14,ID,1719658603
260,Nantucket,41.28346,-70.09946,17.05000000000001,77,0,5.14,US,1719658604
261,Onguday,50.75,86.15,30.5,43,13,1.36,RU,1719658605
262,Puri,19.79825,85.82494,31.180000000000007,75,100,8.21,IN,1719658606
263,Fortuna,40.59819,-124.15728,10.189999999999998,96,40,0.0,US,1719658607
264,Republic of Nauru,-0.51393,166.92384,28.52000000000004,75,80,4.64,NR,1719658608
265,Xilin Hot,43.96667,116.03333,24.52000000000004,43,71,4.26,CN,1719658610
266,Molde,62.73752,7.15912,14.57000000000005,58,75,11.32,NO,1719658611
267,Gatton,-27.55873,152.27618,17.99000000000001,85,73,1.01,AU,1719658612
268,Hamilton city,32.2949,-64.78303,25.05000000000001,91,75,2.57,BM,1719658613
269,Ezbet el-Burg,31.5084,31.84106,30.970000000000027,73,0,7.85,EG,1719658614
270,Lembekayan,2.8375,117.36528,25.58000000000004,91,78,1.09,ID,1719658616
271,Montepuez,-13.12556,38.99972,27.480000000000018,35,40,2.73,MZ,1719658617
272,Santarém,-2.44306,-54.70833,24.07000000000005,94,20,1.03,BR,1719658618
273,Nele,-10.725,165.79722,26.450000000000045,86,97,7.95,SB,1719658619
274,Ubari,26.59034,12.77511,39.879999999999995,11,0,1.0,LY,1719658620
275,Mānikganj,23.81741,90.11921,31.03000000000003,89,100,6.06,BD,1719658622
276,Ta`ū,-14.23361,-169.51444,27.189999999999998,76,29,8.6,AS,1719658623
277,Albert,50.00091,2.65096,22.82000000000005,60,0,3.09,FR,1719658624
278,Saint-Joseph,-21.3777,55.61691,23.77000000000004,58,11,5.7,RE,1719658625
279,Kuhmo,64.13333,29.51667,29.5,40,22,7.45,FI,1719658626
280,Las Tablas,7.76472,-80.27483,25.08000000000004,99,76,1.57,PA,1719658628
281,Boden,65.82518,21.68864,17.02000000000004,94,100,4.4,SE,1719658629
282,Saint-Leu,-21.17059,55.28824,23.75,61,9,7.33,RE,1719658630
283,Vila Franca do Campo,37.71667,-25.43333,21.180000000000007,73,61,0.86,PT,1719658631
284,Ebon,4.58199,168.69636,27.060000000000002,77,100,2.01,MH,1719658632
285,Mossamedes,-15.19611,12.15222,25.05000000000001,54,0,3.25,AO,1719658633
286,Nelson Bay,-32.72043,152.14398,16.010000000000048,81,58,0.45,AU,1719658635
287,Jaisalmer,26.91763,70.90387,37.379999999999995,42,96,4.46,IN,1719658636
288,Tewantin,-26.39433,153.0901,17.660000000000025,77,77,2.02,AU,1719658637
289,Newman,-23.35644,119.73553,16.980000000000018,55,0,4.05,AU,1719658638
290,Bac Lieu,9.29414,105.72776,29.04000000000002,74,84,4.03,VN,1719658639
291,Lüderitz,-26.64807,15.15383,20.0,62,50,4.73,NA,1719658641
292,Novyy Turtkul',41.55,61.01667,31.960000000000036,16,0,5.52,UZ,1719658642
293,Aykhal,65.93381,111.4834,24.810000000000002,35,55,8.64,RU,1719658643
294,Salinópolis,-0.61361,-47.35611,27.02000000000004,83,16,3.16,BR,1719658644
295,Pirapozinho,-22.27528,-51.5,15.75,72,0,1.03,BR,1719658645
296,Dori,14.0354,-0.0345,35.59000000000003,26,100,4.7,BF,1719658646
297,Maragogi,-9.01222,-35.2225,23.110000000000014,82,2,3.95,BR,1719658648
298,Taoudenni,22.67443,-3.97891,45.97000000000003,5,31,5.95,ML,1719658649
299,Colac,-38.339,143.58489,7.07000000000005,87,92,2.54,AU,1719658650
300,Dara,15.34844,-15.47993,29.980000000000018,28,27,4.37,SN,1719658651
301,Nanao,37.05,136.96667,27.120000000000005,90,31,0.45,JP,1719658652
302,Kill Devil Hills,36.03072,-75.67601,25.010000000000048,92,75,2.06,US,1719658654
303,San Cristobal,-0.90172,-89.61021,21.52000000000004,89,74,3.96,EC,1719658655
304,Comodoro Rivadavia,-45.86413,-67.49656,-1.3799999999999955,74,0,3.09,AR,1719658656
305,Dubbo,-32.24295,148.60484,14.129999999999995,88,91,3.6,AU,1719658657
306,Qaraūyl,48.94509,79.25502,29.03000000000003,37,100,3.38,KZ,1719658658
307,Tamanghasset,22.785,5.52278,34.97000000000003,8,0,6.69,DZ,1719658660
308,Kingston,-29.05459,167.96628,14.980000000000018,72,20,0.0,NF,1719658661
309,Bandon,51.74694,-8.7425,16.620000000000005,100,75,3.09,IE,1719658662
310,Dunedin,-45.87416,170.50361,6.330000000000041,86,100,0.89,NZ,1719658663
311,Al Muwayh,22.43333,41.75829,40.64000000000004,5,93,6.72,SA,1719658664
312,Lucheng,31.23357,117.28057,24.670000000000016,95,100,5.62,CN,1719658665
313,Polyarny,69.19889,33.44778,15.689999999999998,80,30,4.71,RU,1719658667
314,Fukuechō,32.69732,128.84561,24.49000000000001,100,75,7.72,JP,1719658668
315,Hadagalli,15.02048,75.93185,29.79000000000002,55,100,9.74,IN,1719658669
316,Arraial do Cabo,-22.96611,-42.02778,21.920000000000016,88,40,1.03,BR,1719658189
317,Isangel,-19.54167,169.28167,21.04000000000002,77,19,5.82,VU,1719658671
318,Arkhangelsk,64.5401,40.5433,27.060000000000002,39,0,4.0,RU,1719658672
319,Makokou,0.57381,12.86419,31.960000000000036,47,61,0.63,GA,1719658674
320,Hampton Bays,40.86899,-72.51759,19.450000000000045,87,100,5.36,US,1719658675
321,Amga,60.90009,131.97882,13.390000000000043,78,95,1.29,RU,1719658676
322,Bel Ombre,-4.61667,55.41667,27.58000000000004,78,40,7.2,SC,1719658677
323,Talakan,50.26378,130.26755,19.560000000000002,63,100,1.97,RU,1719658678
324,Whakatane,-37.95855,176.98545,8.800000000000011,99,61,1.67,NZ,1719658679
325,São João da Barra,-21.64028,-41.05111,21.05000000000001,69,82,3.9,BR,1719658681
326,Sogndal,61.22908,7.09674,14.210000000000036,62,75,6.69,NO,1719658682
327,Brookings,42.05261,-124.28398,12.360000000000014,95,0,1.34,US,1719658336
328,Aasiaat,68.70981,-52.86988,2.7200000000000273,90,100,6.76,GL,1719658684
329,Viedma,-40.81345,-62.99668,4.710000000000036,62,93,7.11,AR,1719658685
330,Khorixas,-20.36667,14.96667,26.230000000000018,20,0,7.45,NA,1719658686
331,Petauke,-14.24117,31.31975,24.150000000000034,36,19,2.84,ZM,1719658688
332,Broken Hill Municipality,-31.9652,141.4512,11.400000000000034,82,100,5.52,AU,1719658689
333,Río Gallegos,-51.62261,-69.21813,-1.9799999999999613,93,75,1.54,AR,1719658690
334,Drøbak,59.66333,10.62975,19.920000000000016,41,20,6.82,NO,1719658691
335,Akjoujt,19.74657,-14.38531,40.57000000000005,10,2,9.74,MR,1719658692
336,Antón Lizardo,19.05962,-95.99272,26.77000000000004,87,86,1.06,MX,1719658694
337,Baymak,52.59333,58.3225,9.670000000000016,93,100,5.82,RU,1719658695
338,Wé,-20.91687,167.26461,21.99000000000001,55,53,5.59,NC,1719658696
339,Guatraché,-37.66776,-63.53021,0.060000000000002274,83,0,3.24,AR,1719658697
340,CNMI Governor's Office,15.21233,145.7545,27.879999999999995,79,40,4.63,MP,1719658698
341,Lubang,13.85835,120.12402,30.060000000000002,76,80,4.23,PH,1719658700
342,Mutuáli,-14.87056,37.00444,29.03000000000003,27,4,1.48,MZ,1719658701
343,Kalmunai,7.40902,81.83472,31.420000000000016,64,32,7.97,LK,1719658702
344,Quixadá,-4.97139,-39.01528,24.57000000000005,68,61,2.95,BR,1719658703
345,Al Jawf,24.20487,23.2857,39.31,11,10,6.23,LY,1719658704
346,Ormara,25.21018,64.63626,29.77000000000004,84,99,4.06,PK,1719658705
347,Olutanga,7.31056,122.84639,28.680000000000007,76,100,3.13,PH,1719658707
348,Puerto Deseado,-47.75034,-65.89382,0.2400000000000091,84,36,6.54,AR,1719658708
349,Acaraú,-2.88556,-40.12,25.840000000000032,80,97,6.0,BR,1719658709
350,Butere,0.20694,34.49006,25.49000000000001,55,98,0.91,KE,1719658710
351,Barra de Santo Antônio,-9.40472,-35.50722,22.55000000000001,82,3,2.78,BR,1719658711
352,Zahedan,29.4963,60.8629,39.950000000000045,13,20,6.17,IR,1719658713
353,Dryden,49.78334,-92.75032,9.160000000000025,93,100,4.63,CA,1719658714
354,Feodosiya,45.03199,35.38153,27.420000000000016,47,40,4.81,UA,1719658715
355,Mogadishu,2.03711,45.34375,27.03000000000003,75,92,10.11,SO,1719658716
356,Anloga,5.79473,0.89728,26.810000000000002,80,92,6.49,GH,1719658717
357,Tahsis,50.0261,-126.36157,12.840000000000032,98,100,1.22,CA,1719658719
358,Santo António,1.63943,7.41951,26.210000000000036,83,88,5.49,ST,1719658720
359,Ndano,-8.5365,118.4634,23.610000000000014,89,100,0.87,ID,1719658721
360,Gamay,12.38542,125.29791,26.310000000000002,87,95,1.65,PH,1719658722
361,Betahitra,-12.31732,49.29188,30.30000000000001,42,20,8.23,MG,1719658723
362,Lyskovo,56.03282,45.0422,24.53000000000003,40,6,2.63,RU,1719658725
363,Mahanoro,-19.9,48.8,21.80000000000001,60,69,2.88,MG,1719658726
364,Promyshlennyy,67.58355,63.79399,6.260000000000048,92,100,4.13,RU,1719658727
365,Tura,64.27769,100.21849,22.03000000000003,49,99,7.63,RU,1719658728
366,Chibougamau,49.91684,-74.36586,12.75,88,100,3.09,CA,1719658729
367,Sandakan,5.8402,118.1179,28.870000000000005,84,20,1.03,MY,1719658730
368,Preobrazheniye,42.90117,133.9043,16.629999999999995,99,24,3.12,RU,1719658732
369,Cockburn Town,21.46122,-71.14188,27.970000000000027,83,40,2.57,TC,1719658733
370,Ålesund,62.47225,6.15492,15.110000000000014,83,75,8.23,NO,1719658734
371,San Pedro Pochutla,15.74587,-96.46601,25.390000000000043,91,97,1.45,MX,1719658735
372,Konark,19.89758,86.11413,31.24000000000001,73,100,7.55,IN,1719658736
373,Vadsø,70.07348,29.74943,12.160000000000025,76,40,9.26,NO,1719658738
374,Yanam,16.73308,82.21364,27.920000000000016,81,100,2.6,IN,1719658739
375,El-Tor,28.35831,33.07829,34.59000000000003,32,1,8.25,EG,1719658740
376,Nouakchott,18.09894,-15.98848,35.0,54,13,0.8,MR,1719658741
377,Halifax,44.6464,-63.57291,13.939999999999998,91,99,1.73,CA,1719658742
378,San Patricio,19.22534,-104.70447,23.510000000000048,89,100,1.71,MX,1719658744
379,Kalach,50.41957,41.0244,25.850000000000023,59,12,6.0,RU,1719658745
380,Kapuskasing,49.41694,-82.43308,13.010000000000048,94,100,1.54,CA,1719658746
381,Juan Griego,11.08172,-63.96549,19.060000000000002,100,18,3.6,VE,1719658747
382,Timbuktu,16.77348,-3.00742,39.04000000000002,24,60,8.75,ML,1719658748
383,Paducah,37.08339,-88.60005,26.33000000000004,94,40,1.54,US,1719658750
384,Serdégé,21.35494,17.00121,36.10000000000002,8,50,3.28,TD,1719658751
385,Kuanda,56.31611,116.08056,24.350000000000023,48,56,2.07,RU,1719658752
386,Kudat,6.88732,116.82364,30.960000000000036,70,75,2.06,MY,1719658753
387,Holualoa,19.61979,-155.94831,23.420000000000016,86,100,5.66,US,1719658754
388,Ivdel',60.69111,60.42056,18.28000000000003,37,72,5.8,RU,1719658755
389,Naliya,23.26058,68.82655,31.879999999999995,70,95,8.01,IN,1719658757
390,Covington,37.79346,-79.99395,22.730000000000018,90,100,0.5,US,1719658758
391,Gilgit,35.91869,74.31245,32.30000000000001,26,21,2.23,PK,1719658759
392,Stoney Ground,18.25601,-63.0102,29.58000000000004,78,24,8.47,AI,1719658760
393,Paraiso,18.40116,-93.21406,27.710000000000036,80,97,1.05,MX,1719658761
394,Örnsköldsvik,63.29091,18.71525,19.53000000000003,63,75,8.75,SE,1719658763
395,Alice Springs,-23.69748,133.88362,21.760000000000048,56,75,7.72,AU,1719658764
396,Chibuto,-24.68667,33.53056,25.75,34,3,0.97,MZ,1719658765
397,Nagqu Prefecture,31.47678,92.05729,16.960000000000036,31,88,4.42,CN,1719658766
398,Athens,39.32924,-82.10126,26.890000000000043,76,75,2.57,US,1719658767
399,Rio Branco,-9.97472,-67.81,22.310000000000002,100,0,1.03,BR,1719658769
400,Uray,60.13044,64.78896,12.220000000000027,75,100,5.61,RU,1719658770
401,Nedroma,35.01361,-1.74799,29.460000000000036,34,0,2.77,DZ,1719658771
402,Iisalmi,63.55915,27.19067,20.600000000000023,86,90,6.15,FI,1719658772
403,Raton,36.90336,-104.43915,20.310000000000002,37,0,3.09,US,1719658773
404,Koné,-21.05951,164.86582,18.0,79,0,1.67,NC,1719658774
405,Qom,34.6401,50.8764,39.379999999999995,14,0,8.76,IR,1719658776
406,Shakhovskaya,56.03147,35.50697,28.33000000000004,51,1,1.92,RU,1719658777
407,San Miguel de Cozumel,20.50038,-86.94272,25.52000000000004,94,100,11.06,MX,1719658778
408,Ust'-Kut,56.7938,105.7672,31.02000000000004,38,74,0.67,RU,1719658779
409,Ilhabela,-23.77806,-45.35806,21.840000000000032,84,81,2.76,BR,1719658780
410,Rongelap,11.16351,166.89408,28.33000000000004,80,100,7.4,MH,1719658782
411,Unión de San Antonio,21.12714,-102.00619,16.110000000000014,88,100,0.36,MX,1719658783
412,Saynshand,44.88239,110.11631,23.200000000000045,36,49,4.0,MN,1719658784
413,Peniche,39.3558,-9.38112,16.83000000000004,98,100,7.34,PT,1719658785
414,Sisimiut,66.93946,-53.6735,4.460000000000036,84,100,2.36,GL,1719658786
415,Khandyga,62.65333,135.5667,14.210000000000036,77,99,2.29,RU,1719658787
416,Bel Ombre,-4.66667,55.41667,28.02000000000004,78,40,7.2,SC,1719658789
417,Wanlaweyn,2.6185,44.8938,32.05000000000001,44,90,10.77,SO,1719658790
418,Vilyuysk,63.74683,121.63339,21.58000000000004,51,2,1.1,RU,1719658791
419,Ilıca,39.94653,41.0952,22.939999999999998,38,20,4.12,TR,1719658792
420,Salalah,17.01505,54.09237,30.27000000000004,73,73,6.52,OM,1719658793
421,Xigazê,29.25,88.88333,22.670000000000016,28,87,1.44,CN,1719658795
422,Madifushi,1.83243,73.50257,28.33000000000004,67,39,0.78,MV,1719658796
423,Jaicós,-7.35917,-41.13778,25.129999999999995,44,4,2.75,BR,1719658797
424,Shilovo,54.3204,40.874,27.590000000000032,50,13,1.68,RU,1719658798
425,Revda,67.9371,34.56149,27.07000000000005,43,26,4.41,RU,1719658799
426,Marsa Alam,25.06305,34.89005,35.5,36,58,7.55,EG,1719658801
427,Pyhäjärvi,67.0701,27.21763,25.30000000000001,54,43,3.35,FI,1719658802
428,Richha,28.69467,79.52284,30.32000000000005,51,82,0.65,IN,1719658803
429,Phang Nga,8.45091,98.52985,29.02000000000004,85,100,1.99,TH,1719658805
430,Kruisfontein,-34.00333,24.73142,25.510000000000048,28,13,7.37,ZA,1719658806
431,Detroit Lakes,46.81718,-95.84533,13.82000000000005,98,100,7.2,US,1719658807
432,Gazojak,41.18746,61.4036,34.03000000000003,16,4,4.23,TM,1719658808
433,Happy Valley-Goose Bay,53.3038,-60.32576,9.200000000000045,76,20,1.54,CA,1719658809
434,Nuuk,64.18347,-51.72157,1.660000000000025,100,100,10.28,GL,1719658811
435,Zaria,11.11128,7.7227,32.24000000000001,40,94,2.63,NG,1719658812
436,Rønne,55.10091,14.70664,18.950000000000045,68,1,4.63,DK,1719658813
437,Bela,26.22718,66.31178,41.08000000000004,35,35,4.18,PK,1719658814
438,Center,31.79545,-94.17909,26.930000000000007,95,100,1.54,US,1719658815
439,Sangolquí,-0.33405,-78.45217,11.28000000000003,87,30,1.91,EC,1719658817
440,Tarawa,1.3278,172.97696,28.010000000000048,78,40,2.57,KI,1719658818
441,Thunder Bay,48.38202,-89.25018,13.050000000000011,100,100,1.54,CA,1719658819
442,Māngrol,21.12268,70.11484,29.58000000000004,82,99,9.24,IN,1719658820
443,Tucupita,9.05806,-62.05,24.160000000000025,96,91,0.45,VE,1719658821
444,Howrah,-42.88728,147.40554,8.970000000000027,65,40,6.17,AU,1719658822
445,Necochea,-38.5545,-58.73961,6.160000000000025,73,100,9.21,AR,1719658824
446,Maḩaleh-ye Khāfī,27.5552,52.8836,41.79000000000002,15,86,4.48,IR,1719658825
447,Naselai,-18.06667,179.31667,25.08000000000004,83,51,7.57,FJ,1719658826
448,Shofirkon,40.12,64.50139,34.900000000000034,17,74,6.22,UZ,1719658827
449,Valparaíso,-33.036,-71.62963,14.260000000000048,63,0,2.06,CL,1719658828
450,Urzhar,47.09302,81.62939,33.77000000000004,24,59,4.02,KZ,1719658830
451,Grand Gaube,-20.00639,57.66083,24.670000000000016,56,67,2.24,MU,1719658831
452,Nāḩiyat al Fuhūd,30.96972,46.72278,45.59000000000003,6,0,6.57,IQ,1719658832
453,Campbellsville,37.3434,-85.34191,24.840000000000032,87,91,1.34,US,1719658833
454,Jayapura,-2.53371,140.71813,28.210000000000036,90,99,4.13,ID,1719658834
455,Kununurra,-15.77825,128.74208,28.970000000000027,58,24,2.06,AU,1719658836
456,Ilo,-17.64604,-71.34481,16.640000000000043,84,71,2.74,PE,1719658837
457,Severodvinsk,64.59417,39.81028,27.060000000000002,46,7,4.84,RU,1719658838
458,Masina,-4.38361,15.39139,27.210000000000036,73,40,4.12,CD,1719658839
459,Suntar,62.14444,117.63194,23.850000000000023,57,31,1.98,RU,1719658840
460,Andrushivka,50.02288,29.02023,28.260000000000048,43,0,1.44,UA,1719658842
461,Palmers Island,-29.4375,153.35914,14.689999999999998,86,25,3.92,AU,1719658843
462,Canyon,34.98033,-101.9188,25.82000000000005,53,11,8.77,US,1719658844
463,Peterborough,44.30012,-78.31623,17.99000000000001,94,100,2.57,CA,1719658845
464,Wabag,-5.49119,143.72151,15.54000000000002,98,100,0.4,PG,1719658846
465,Vallée du Tir,-22.27407,166.44884,22.100000000000023,99,31,5.36,NC,1719658848
466,Kongoussi,13.32583,-1.53472,33.57000000000005,42,69,6.04,BF,1719658849
467,Guadalcanal Province,-9.69523,159.71734,26.25,85,100,4.91,SB,1719658850
468,Urazovo,50.0836,38.0395,27.82000000000005,44,16,2.95,RU,1719658851
469,Lake Havasu City,34.4839,-114.32245,35.04000000000002,11,0,6.17,US,1719658852
470,Fort McMurray,56.72676,-111.38103,7.75,70,0,0.51,CA,1719658853
471,Kourou,5.16281,-52.64265,25.010000000000048,87,51,2.65,GF,1719658855
472,Saint-François,16.25236,-61.27332,27.02000000000004,75,43,7.7,GP,1719658856
473,Chamdo,31.1304,97.17982,17.77000000000004,43,79,1.3,CN,1719658857
474,Ugol’nyy,67.63869,53.00371,10.470000000000027,96,100,5.34,RU,1719658858
475,Guánica,17.97163,-66.90795,27.189999999999998,84,44,2.26,PR,1719658859
476,Los Frentones,-26.4077,-61.41367,6.07000000000005,50,100,1.89,AR,1719658861
477,Oranjemund,-28.55,16.43333,21.120000000000005,49,19,5.26,NA,1719658862
478,Amos,48.56688,-78.11624,10.990000000000009,97,100,3.98,CA,1719658863
479,Namsos,64.46624,11.49572,12.860000000000014,82,100,8.75,NO,1719658864
480,Kaduqli,11.01111,29.71833,32.610000000000014,42,86,4.97,SD,1719658865
481,Labytnangi,66.65722,66.41833,12.850000000000023,53,23,5.06,RU,1719658866
482,Harnai,30.10077,67.93824,36.24000000000001,35,40,4.5,PK,1719658869
483,Ayaviri,-14.88639,-70.58889,1.9600000000000364,53,6,0.85,PE,1719658870
484,Tahla,34.04965,-4.42162,26.510000000000048,37,0,3.17,MA,1719658871
485,Aleksandrov Gay,50.14704,48.57037,26.08000000000004,26,6,8.69,RU,1719658872
486,Dailekh,28.84434,81.71011,29.510000000000048,75,66,1.74,NP,1719658874
487,Baijiantan,45.58473,84.88724,40.93000000000001,8,0,8.3,CN,1719658875
488,Manismata,-2.46667,111.03333,24.670000000000016,96,94,1.43,ID,1719658876
489,Ar Ruways,24.11028,52.73056,39.53000000000003,26,14,4.57,AE,1719658877
490,Sredets,42.34747,27.17898,30.100000000000023,25,0,8.54,BG,1719658878
491,Contai,21.77985,87.74892,30.5,77,100,7.3,IN,1719658879
492,Kloulklubed,7.04192,134.25561,28.55000000000001,78,100,3.35,PW,1719658881
493,Niquelândia,-14.47389,-48.45972,20.360000000000014,40,2,0.94,BR,1719658882
494,Muḩāfaz̧at al Wusţá,19.95931,56.27575,43.19,9,99,2.61,OM,1719658883
495,Milne Bay Province,-10.31509,150.45742,24.120000000000005,95,75,2.35,PG,1719658884
496,Mar del Plata,-38.00042,-57.5562,3.3799999999999955,100,75,5.14,AR,1719658885
497,Mahibadhoo,3.75713,72.96893,28.650000000000034,72,57,2.15,MV,1719658887
498,Inírida,3.86528,-67.92389,22.54000000000002,99,100,1.17,CO,1719658888
499,Shiyan,32.6475,110.77806,28.05000000000001,49,80,2.09,CN,1719658889
500,Lagos,37.10202,-8.67422,20.05000000000001,71,94,6.71,PT,1719658890
501,Shimoda,34.67652,138.94456,22.730000000000018,95,89,1.15,JP,1719658891
502,Sabang,5.88969,95.31644,29.220000000000027,71,97,11.96,ID,1719658893
503,Chui,-33.69792,-53.45926,3.230000000000018,69,6,6.5,UY,1719658894
504,Dealu Racovei,46.13333,22.78333,29.810000000000002,41,21,1.73,RO,1719658895
505,Bandarbeyla,9.4942,50.8122,33.75,35,62,12.57,SO,1719658896
506,Zabaykal'sk,49.6513,117.32557,20.640000000000043,67,100,3.65,RU,1719658897
507,Gorontalo,0.5375,123.0625,24.57000000000005,97,99,0.84,ID,1719658899
508,Ji’an,27.11716,114.97927,28.670000000000016,78,100,3.57,CN,1719658900
509,Qarqaraly,49.41287,75.47286,29.950000000000045,22,19,7.55,KZ,1719658901
510,Myanaung,18.28651,95.32014,31.29000000000002,65,62,5.64,MM,1719658902
511,Taupo,-38.68333,176.08333,5.760000000000048,95,55,0.97,NZ,1719658903
512,Ōyama,34.60359,138.21719,25.879999999999995,97,96,3.03,JP,1719658904
513,Puerto Aisén,-45.40303,-72.69184,1.0400000000000205,98,97,0.86,CL,1719658906
514,Yasuj,30.66824,51.58796,34.650000000000034,10,0,5.14,IR,1719658907
515,Budva,42.28639,18.84,33.25,51,0,3.09,ME,1719658908
516,Tocopilla,-22.09198,-70.19792,16.620000000000005,66,76,2.81,CL,1719658909
517,Bikenibeu Village,1.3673,173.12415,28.05000000000001,78,40,2.57,KI,1719658910
518,Khorugh,37.48974,71.55304,23.57000000000005,23,28,3.74,TJ,1719658912
519,Sauðarkrokur,65.74611,-19.63944,11.100000000000023,54,19,0.75,IS,1719658913
520,Vallenar,-28.57617,-70.75938,12.439999999999998,48,0,0.1,CL,1719658914
521,Elliot Lake,46.38336,-82.63315,14.360000000000014,99,100,3.74,CA,1719658915
522,Cao Bang,22.66568,106.25786,27.82000000000005,91,100,2.04,VN,1719658916
523,Mount Pearl,47.51659,-52.78135,9.689999999999998,97,100,6.17,CA,1719658918
524,Jelateng Timur,-8.7264,116.0744,26.610000000000014,85,16,3.72,ID,1719658919
525,Jiayuguan City,39.81121,98.28618,25.470000000000027,27,90,5.75,CN,1719658920
526,Shizuishan,39.23333,106.76944,29.560000000000002,18,47,8.71,CN,1719658921
527,Ratia,29.69029,75.57688,38.450000000000045,36,95,1.5,IN,1719658922
528,Dzhalagash,45.08333,64.66667,31.57000000000005,18,1,6.46,KZ,1719658924
529,Krasnyy Yar,55.24242,72.92635,26.03000000000003,54,0,5.06,RU,1719658925
530,Okhotsk,59.362,143.21468,8.439999999999998,95,100,1.42,RU,1719658926
531,Johnstown,40.32674,-78.92197,23.33000000000004,91,100,2.81,US,1719658927
532,Port Antonio,18.17615,-76.4509,28.0,84,100,2.12,JM,1719658928
533,Ostashkov,57.14667,33.10753,31.660000000000025,34,9,3.84,RU,1719658930
534,Guyana,5.26667,-59.15,23.590000000000032,98,94,0.35,GY,1719658931
535,Prince Rupert,54.31507,-130.32098,13.0,97,100,2.57,CA,1719658932
536,Port Shepstone,-30.74137,30.45499,23.0,50,83,3.72,ZA,1719658933
537,Tromsø,69.6489,18.95508,15.010000000000048,72,0,6.69,NO,1719658934
538,Malindi,-3.21799,40.11692,29.08000000000004,65,75,10.29,KE,1719658935
539,Ataq,14.53767,46.83187,36.160000000000025,26,51,7.77,YE,1719658937
540,Basavana Bāgevādi,16.57278,75.97252,30.129999999999995,53,100,8.1,IN,1719658938
541,Port Augusta,-32.49597,137.77281,11.950000000000045,89,97,8.41,AU,1719658939
542,Zhangjiakou,40.81,114.87944,19.110000000000014,82,95,3.78,CN,1719658940
543,Tutóia,-2.76194,-42.27444,25.75,79,91,4.22,BR,1719658941
544,Punta Cardon,11.65806,-70.215,26.760000000000048,83,3,7.34,VE,1719658943
545,La Peca,-5.61111,-78.435,18.930000000000007,87,22,0.72,PE,1719658944
546,Richards Bay,-28.78301,32.03768,25.24000000000001,40,25,3.61,ZA,1719658945
547,Kushiro,42.975,144.37472,17.58000000000004,100,75,0.51,JP,1719658946
548,Samāstipur,25.86222,85.77953,38.950000000000045,37,75,4.97,IN,1719658947
549,Ruston,32.52321,-92.63793,24.960000000000036,100,0,1.54,US,1719658949
550,Cidreira,-30.18111,-50.20556,8.450000000000045,75,5,8.07,BR,1719658950
551,Lagoa,-27.60491,-48.46713,14.5,76,75,4.63,BR,1719658951
552,Five Cays Settlement,22.36667,-72.96667,27.590000000000032,81,90,7.53,TC,1719658952
553,Caleta de Carquín,-11.0925,-77.62667,17.25,89,47,3.46,PE,1719658953
554,Mangochi District,-14.3525,35.65056,26.189999999999998,34,39,1.77,MW,1719658954
555,Antofagasta,-23.65236,-70.3954,12.600000000000023,77,53,2.34,CL,1719658810
556,Skövde,58.39118,13.84506,18.670000000000016,41,43,6.29,SE,1719658957
557,Dampit,-8.21162,112.74934,22.439999999999998,93,54,1.83,ID,1719658958
558,Zhelezīnka,53.5388,75.31326,29.879999999999995,28,20,5.98,KZ,1719658959
559,Okha,53.58991,142.95313,8.900000000000034,96,100,2.77,RU,1719658960
560,Nogliki,51.79917,143.13871,9.060000000000002,99,100,4.56,RU,1719658962
561,Le Morne-Rouge,14.7761,-61.13564,25.03000000000003,79,44,5.63,MQ,1719658963
562,Alakurtti,66.9672,30.34905,29.400000000000034,36,58,4.28,RU,1719658964
563,Cabimas,10.39907,-71.45206,25.590000000000032,84,0,3.01,VE,1719658965
564,Cova Figueira,14.89054,-24.29343,20.260000000000048,67,12,4.19,CV,1719658966
565,Tual,-5.62878,132.75229,26.640000000000043,87,29,3.43,ID,1719658968
566,Shiraz,29.8742,52.8025,38.24000000000001,12,2,9.0,IR,1719658969
567,Guayaramerín,-10.8258,-65.3581,24.920000000000016,60,83,0.89,BO,1719658970
568,Haibara-akanedai,34.53333,135.95,26.0,93,100,1.09,JP,1719658971
569,Berezovyy,51.66897,135.66584,12.580000000000041,88,93,0.82,RU,1719658972
570,Funafuti,-8.02731,178.31351,28.850000000000023,75,81,6.26,TV,1719658974
571,Chernyshevskiy,63.01601,112.46901,19.010000000000048,91,83,2.55,RU,1719658975
572,Garching bei München,48.24896,11.65101,32.26000000000005,53,46,4.69,DE,1719658976
573,Taroa,8.70576,171.2275,28.02000000000004,79,100,4.5,MH,1719658977
574,Baiyin,36.54696,104.17023,22.360000000000014,50,79,11.83,CN,1719658978
575,Cherdyn',60.40295,56.47868,19.360000000000014,36,5,5.11,RU,1719658979
576,San Juan,18.46633,-66.10572,27.960000000000036,86,40,0.0,PR,1719658981
577,Karymskoye,51.61667,114.35,25.710000000000036,38,90,2.24,RU,1719658982
578,Jūrokuban,30.4269,130.57151,24.82000000000005,86,100,2.86,JP,1719658983
